INSERT INTO app_user (us_id, us_firstName, us_lastName, us_userName)
VALUES
(1, 'Andrey1', 'Volkov1','drovocek1'),
(2, 'Andrey2', 'Volkov2','drovocek2'),
(3, 'Andrey3', 'Volkov3','drovocek3'),
(4, 'Andrey4', 'Volkov4','drovocek4'),
(5, 'Andrey5', 'Volkov5','drovocek5'),
(6, 'Andrey6', 'Volkov6','drovocek6'),
(7, 'Andrey7', 'Volkov7','drovocek7'),
(8, 'Andrey8', 'Volkov8','drovocek8'),
(9, 'Andrey9', 'Volkov9','drovocek9'),
(10, 'Andrey10', 'Volkov10','drovocek10');

INSERT INTO user_expens (ex_us_id, ex_sum, ex_date, ex_type, ex_description, ex_cash)
VALUES
(1, 10000, '05/03/2003 11:12:45', 'Еда', 'Вкусная еда1', true),
(1, 20000, '05/03/2003 11:13:45', 'Спорт', 'Вкусная еда1', true),
(1, 30000, '05/03/2003 11:14:45', 'Здоровье', 'Вкусная еда1', true),
(1, 40000, '05/03/2003 11:15:45', 'Прочее', 'Вкусная еда1', false),
(1, 50000, '05/04/2003 11:12:45', 'Еда', 'Вкусная еда1', false),
(1, 60000,'05/04/2003 11:13:45', 'Спорт', 'Вкусная еда1', false),
(1, 70000, '05/04/2003 11:14:45', 'Здоровье', 'Вкусная еда1', false),
(1, 80000, '05/04/2003 11:15:45', 'Прочее', 'Вкусная еда1', true),
(2, 10000, '05/03/2003 11:12:45', 'Еда', 'Вкусная еда2', true),
(2, 20000, '05/03/2003 11:13:45', 'Спорт', 'Вкусная еда2', true),
(2, 30000, '05/03/2003 11:14:45', 'Здоровье', 'Вкусная еда2', true),
(2, 40000, '05/03/2003 11:15:45', 'Прочее', 'Вкусная еда2', false),
(2, 50000, '05/04/2003 11:12:45', 'Еда', 'Вкусная еда2', false),
(2, 60000,'05/04/2003 11:13:45', 'Спорт', 'Вкусная еда2', false),
(2, 70000, '05/04/2003 11:14:45', 'Здоровье', 'Вкусная еда2', false),
(2, 80000, '05/04/2003 11:15:45', 'Прочее', 'Вкусная еда2', true),
(3, 10000, '05/03/2003 11:12:45', 'Еда', 'Вкусная еда3', true),
(3, 20000, '05/03/2003 11:13:45', 'Спорт', 'Вкусная еда3', true),
(3, 30000, '05/03/2003 11:14:45', 'Здоровье', 'Вкусная еда3', true),
(3, 40000, '05/03/2003 11:15:45', 'Прочее', 'Вкусная еда3', false),
(3, 50000, '05/04/2003 11:12:45', 'Еда', 'Вкусная еда3', false),
(3, 60000,'05/04/2003 11:13:45', 'Спорт', 'Вкусная еда3', false),
(3, 70000, '05/04/2003 11:14:45', 'Здоровье', 'Вкусная еда3', false),
(3, 80000, '05/04/2003 11:15:45', 'Прочее', 'Вкусная еда3', true);

INSERT INTO user_income (in_us_id, in_sum, in_date, in_expensType, in_description, in_cash)
VALUES
(1, 60000, '06/03/2003 11:15:45', 'Зарплата', 'Аванс1', false),
(1, 70000, '06/03/2003 11:15:45', 'Подработка', 'ЗП1', false ),
(1, 80000, '06/03/2003 11:15:45', 'Прочее', 'Подработка1', true),
(1, 60000, '06/04/2003 12:15:45', 'Зарплата', 'Аванс1', false),
(1, 70000, '06/04/2003 12:15:45', 'Подработка', 'ЗП1', false ),
(1, 80000, '06/04/2003 12:15:45', 'Прочее', 'Подработка1', true),
(2, 60000, '06/03/2003 11:15:45', 'Зарплата', 'Аванс2', false),
(2, 70000, '06/03/2003 11:15:45', 'Подработка', 'ЗП2', false ),
(2, 80000, '06/03/2003 11:15:45', 'Прочее', 'Подработка2', true),
(2, 60000, '06/04/2003 12:15:45', 'Зарплата', 'Аванс2', false),
(2, 70000, '06/04/2003 12:15:45', 'Подработка', 'ЗП2', false ),
(2, 80000, '06/04/2003 12:15:45', 'Прочее', 'Подработка2', true),
(3, 60000, '06/03/2003 11:15:45', 'Зарплата', 'Аванс3', false),
(3, 70000, '06/03/2003 11:15:45', 'Подработка', 'ЗП3', false ),
(3, 80000, '06/03/2003 11:15:45', 'Прочее', 'Подработка3', true),
(3, 60000, '06/04/2003 12:15:45', 'Зарплата', 'Аванс3', false),
(3, 70000, '06/04/2003 12:15:45', 'Подработка', 'ЗП3', false ),
(3, 80000, '06/04/2003 12:15:45', 'Прочее', 'Подработка3', true);

